"product_id","cnt"
"OFF-FA-10000304","2"
"OFF-PA-10003656","2"
"FUR-TA-10001932","3"
"TEC-PH-10002085","3"
"OFF-LA-10000262","3"
"FUR-TA-10002855","2"
"FUR-FU-10004973","3"
"OFF-AR-10002067","3"
"FUR-FU-10003394","3"
"FUR-FU-10002508","2"
"OFF-EN-10002312","3"
"OFF-LA-10003537","2"
"TEC-MA-10000045","2"
"FUR-FU-10003976","2"
"TEC-PH-10002170","2"
"OFF-PA-10001215","2"
"OFF-ST-10002182","2"
"OFF-BI-10003429","3"
"OFF-PA-10001033","3"
"OFF-ST-10002276","3"
"TEC-MA-10003176","2"
"TEC-AC-10001908","3"
"FUR-FU-10001488","3"
"TEC-AC-10003614","2"
"FUR-CH-10000553","2"
"OFF-PA-10002581","3"
"FUR-FU-10003708","3"
"FUR-CH-10003956","2"
"OFF-ST-10003282","2"
"FUR-TA-10000617","3"
"OFF-SU-10002503","2"
"OFF-ST-10003208","3"
"OFF-BI-10002309","2"
"TEC-PH-10002726","3"
"FUR-FU-10002298","3"
"OFF-AR-10001473","2"
"OFF-AR-10001868","3"
"TEC-AC-10004001","2"
"OFF-BI-10003784","2"
"OFF-PA-10003228","3"
"OFF-BI-10001890","3"
"OFF-LA-10000973","2"
"TEC-AC-10000199","2"
"OFF-BI-10004022","3"
"OFF-ST-10002352","3"
"OFF-AR-10001725","2"
"FUR-FU-10004952","2"
"FUR-FU-10000965","2"
"TEC-AC-10004469","3"
"OFF-BI-10003091","2"
"OFF-ST-10002292","2"
"FUR-FU-10004071","2"
"OFF-AR-10000614","2"
"TEC-PH-10003174","2"
"OFF-AP-10000576","4"
"OFF-AR-10000369","2"
"FUR-FU-10003268","3"
"OFF-EN-10003068","2"
"OFF-EN-10003862","2"
"OFF-ST-10004340","3"
"OFF-SU-10004768","2"
"OFF-AR-10001166","2"
"TEC-PH-10004042","2"
"TEC-AC-10000710","2"
"FUR-TA-10003715","3"
"OFF-AR-10002240","2"
"TEC-PH-10000439","3"
"OFF-LA-10004093","3"
"OFF-AP-10002472","2"
"OFF-BI-10002976","2"
"FUR-CH-10004063","2"
"OFF-BI-10001989","2"
"TEC-AC-10004518","2"
"OFF-PA-10002365","3"
"TEC-MA-10001148","4"
"TEC-PH-10001835","3"
"FUR-FU-10001847","3"
"OFF-AR-10002956","3"
"OFF-PA-10001846","2"
"FUR-BO-10004709","3"
"TEC-AC-10003441","3"
"TEC-AC-10003447","2"
"OFF-EN-10002230","2"
"TEC-AC-10002001","3"
"OFF-SU-10001225","3"
"TEC-PH-10003580","3"
"OFF-BI-10004716","2"
"FUR-FU-10004006","3"
"OFF-BI-10004632","5"
"FUR-TA-10003392","3"
"OFF-BI-10000494","2"
"OFF-BI-10004002","3"
"OFF-SU-10004884","2"
"OFF-BI-10001153","2"
"TEC-PH-10001557","2"
"OFF-BI-10001634","2"
"OFF-ST-10004963","2"
"TEC-PH-10003215","2"
"OFF-ST-10003805","3"
"OFF-ST-10001228","3"
"OFF-PA-10002689","2"
"FUR-CH-10002017","3"
"OFF-PA-10003134","2"
"FUR-FU-10002963","2"
"OFF-ST-10001291","3"
"OFF-BI-10000962","3"
"FUR-FU-10004164","2"
"OFF-AR-10001118","2"
"OFF-EN-10001141","2"
"OFF-BI-10004318","2"
"OFF-AP-10002578","3"
"OFF-BI-10004140","3"
"FUR-FU-10004587","2"
"OFF-PA-10000551","2"
"FUR-BO-10003450","2"
"FUR-FU-10004622","2"
"OFF-AP-10000275","3"
"OFF-AP-10002191","2"
"OFF-ST-10001590","3"
"OFF-SU-10000432","3"
"OFF-LA-10004689","3"
"OFF-BI-10000320","3"
"OFF-ST-10004337","3"
"FUR-CH-10001973","3"
"OFF-SU-10004498","3"
"OFF-PA-10001947","3"
"TEC-PH-10002468","3"
"FUR-FU-10004963","3"
"OFF-ST-10000943","3"
"OFF-PA-10000029","3"
"TEC-AC-10004510","3"
"OFF-PA-10001815","3"
"OFF-AP-10001469","2"
"TEC-PH-10004080","2"
"FUR-CH-10004287","3"
"OFF-BI-10000605","2"
"FUR-CH-10002044","2"
"TEC-AC-10004864","2"
"TEC-AC-10003280","2"
"OFF-EN-10004955","2"
"FUR-FU-10002960","2"
"OFF-AP-10000692","2"
"OFF-BI-10000632","3"
"FUR-BO-10003404","2"
"OFF-PA-10003349","2"
"TEC-PH-10004531","5"
"OFF-BI-10004876","2"
"OFF-PA-10004100","3"
"OFF-LA-10001404","2"
"OFF-AR-10000255","2"
"TEC-AC-10000990","2"
"OFF-PA-10000246","2"
"OFF-PA-10004355","2"
"OFF-AP-10000804","2"
"TEC-AC-10000109","2"
"TEC-PH-10002680","2"
"OFF-BI-10001628","3"
"OFF-BI-10001524","3"
"FUR-FU-10001861","2"
"TEC-AC-10002253","2"
"OFF-BI-10000756","3"
"TEC-PH-10003875","2"
"FUR-BO-10000468","2"
"OFF-AR-10000122","3"
"OFF-LA-10001158","2"
"OFF-EN-10002831","3"
"OFF-AP-10001394","3"
"OFF-AR-10001374","2"
"FUR-TA-10001866","2"
"FUR-FU-10000073","2"
"OFF-AP-10004336","3"
"OFF-ST-10002974","3"
"OFF-PA-10003172","3"
"OFF-BI-10003719","2"
"OFF-PA-10000743","3"
"OFF-PA-10001937","2"
"FUR-FU-10004415","2"
"FUR-CH-10004754","2"
"OFF-SU-10004290","2"
"FUR-FU-10003489","2"
"TEC-PH-10001870","2"
"OFF-AP-10001366","2"
"OFF-BI-10001036","3"
"FUR-TA-10004767","3"
"OFF-ST-10003442","3"
"TEC-AC-10003027","2"
"TEC-AC-10003033","3"
"TEC-PH-10002483","2"
"OFF-AR-10003602","2"
"TEC-PH-10001336","3"
"OFF-SU-10003567","3"
"TEC-PH-10004447","3"
"OFF-ST-10003221","2"
"OFF-PA-10003256","2"
"OFF-PA-10003625","2"
"FUR-BO-10002598","3"
"TEC-PH-10000673","2"
"OFF-AR-10001446","2"
"OFF-EN-10001509","3"
"OFF-FA-10001332","2"
"FUR-FU-10001731","3"
"TEC-PH-10004093","3"
"TEC-PH-10002262","2"
"OFF-BI-10002824","3"
"OFF-LA-10003121","2"
"OFF-LA-10004853","2"
"FUR-CH-10004886","3"
"OFF-ST-10001469","2"
"OFF-EN-10003160","2"
"TEC-PH-10000486","2"
"OFF-FA-10000585","2"
"OFF-LA-10000414","2"
"TEC-PH-10004897","2"
"OFF-AR-10000315","2"
"OFF-BI-10004600","2"
"OFF-ST-10002486","2"
"TEC-AC-10002399","2"
"TEC-PH-10001128","3"
"OFF-AR-10003582","3"
"OFF-ST-10003327","3"
"FUR-FU-10001979","3"
"OFF-ST-10001713","2"
"TEC-PH-10003885","2"
"TEC-AC-10001101","2"
"OFF-PA-10004733","2"
"TEC-PH-10004389","2"
"OFF-PA-10003001","3"
"OFF-ST-10000532","3"
"OFF-BI-10001721","2"
"FUR-TA-10004147","2"
"OFF-LA-10000248","3"
"FUR-CH-10004086","3"
"OFF-BI-10001359","2"
"OFF-ST-10000604","3"
"TEC-AC-10001142","3"
"OFF-PA-10001307","3"
"OFF-BI-10004593","3"
"OFF-BI-10000216","2"
"OFF-EN-10004483","3"
"TEC-PH-10002447","2"
"TEC-PH-10001363","2"
"OFF-BI-10003291","3"
"OFF-PA-10004610","3"
"OFF-PA-10001471","2"
"OFF-BI-10000591","2"
"TEC-MA-10004679","2"
"OFF-ST-10002370","3"
"FUR-TA-10001307","2"
"TEC-MA-10004241","2"
"OFF-PA-10002377","6"
"OFF-PA-10002968","2"
"OFF-PA-10000232","3"
"FUR-FU-10002045","2"
"FUR-FU-10001986","3"
"FUR-FU-10001617","2"
"TEC-MA-10000752","2"
"FUR-CH-10001394","3"
"OFF-LA-10003720","2"
"OFF-LA-10004677","2"
"FUR-FU-10001889","2"
"OFF-PA-10004156","3"
"OFF-PA-10000143","3"
"OFF-AR-10004930","2"
"OFF-AP-10001154","2"
"FUR-FU-10000723","3"
"OFF-PA-10002120","3"
"OFF-PA-10001712","2"
"OFF-BI-10003727","3"
"TEC-PH-10004434","2"
"OFF-BI-10004141","3"
"TEC-AC-10000358","2"
"OFF-PA-10004665","2"
"OFF-BI-10001116","2"
"OFF-PA-10000176","3"
"TEC-PH-10000441","3"
"OFF-BI-10000201","2"
"FUR-FU-10000521","3"
"TEC-PH-10004006","3"
"OFF-PA-10000675","3"
"OFF-EN-10004147","3"
"OFF-PA-10003205","2"
"FUR-BO-10001608","2"
"OFF-PA-10003971","2"
"OFF-ST-10003638","2"
"OFF-AP-10004136","2"
"OFF-LA-10003077","2"
"FUR-FU-10002240","2"
"OFF-PA-10001560","2"
"OFF-EN-10003296","2"
"TEC-PH-10002844","3"
"FUR-FU-10000755","2"
"FUR-TA-10003569","2"
"OFF-PA-10002479","3"
"FUR-TA-10001039","3"
"FUR-TA-10004289","2"
"FUR-CH-10000229","3"
"OFF-BI-10004230","3"
"TEC-PH-10003437","2"
"OFF-PA-10004022","2"
"OFF-PA-10000533","2"
"FUR-FU-10001057","2"
"OFF-PA-10001497","2"
"OFF-AR-10001761","3"
"OFF-PA-10004983","2"
"FUR-BO-10003965","2"
"FUR-FU-10000221","3"
"OFF-AR-10003469","3"
"OFF-ST-10002214","2"
"FUR-BO-10000711","2"
"OFF-PA-10001950","3"
"OFF-AR-10003752","2"
"TEC-AC-10003628","3"
"OFF-PA-10002751","2"
"FUR-FU-10003731","3"
"OFF-PA-10002986","3"
"OFF-ST-10003994","2"
"FUR-CH-10003606","3"
"FUR-TA-10002530","2"
"OFF-AP-10001058","3"
"TEC-PH-10002624","3"
"OFF-FA-10001883","2"
"TEC-AC-10003911","2"
"TEC-AC-10003610","3"
"TEC-AC-10004145","3"
"FUR-FU-10003691","3"
"TEC-MA-10002428","2"
"OFF-AP-10002518","3"
"FUR-FU-10003878","2"
"FUR-FU-10003247","3"
"OFF-LA-10001317","2"
"OFF-PA-10001457","2"
"FUR-FU-10000794","3"
"OFF-BI-10000948","3"
"OFF-EN-10004846","2"
"OFF-FA-10002975","2"
"OFF-PA-10003022","4"
"TEC-PH-10003484","2"
"OFF-EN-10001137","2"
"OFF-EN-10000483","3"
"OFF-EN-10003286","2"
"OFF-SU-10001218","2"
"OFF-AP-10002439","2"
"OFF-ST-10002957","3"
"FUR-BO-10004467","2"
"OFF-PA-10000528","2"
"FUR-FU-10004848","4"
"FUR-FU-10001379","2"
"OFF-PA-10002713","3"
"TEC-PH-10003171","3"
"OFF-ST-10003123","3"
"OFF-FA-10003112","3"
"OFF-ST-10000736","3"
"OFF-EN-10003134","2"
"OFF-BI-10000474","3"
"TEC-PH-10002398","2"
"FUR-FU-10004597","2"
"OFF-BI-10001460","2"
"OFF-FA-10000936","2"
"FUR-TA-10003473","3"
"TEC-AC-10002049","6"
"FUR-FU-10000076","3"
"OFF-BI-10001078","3"
"OFF-PA-10004470","3"
"OFF-AR-10004707","2"
"OFF-ST-10001837","3"
"TEC-PH-10002310","5"
"OFF-PA-10000809","2"
"TEC-PH-10002070","2"
"OFF-BI-10000831","3"
"OFF-PA-10000174","3"
"OFF-PA-10000327","2"
"OFF-PA-10000304","2"
"TEC-AC-10003237","2"
"OFF-PA-10004405","2"
"OFF-PA-10003936","2"
"OFF-BI-10003196","2"
"OFF-PA-10004071","3"
"OFF-BI-10001670","3"
"FUR-CH-10002335","3"
"FUR-FU-10003577","2"
"FUR-FU-10001602","2"
"OFF-BI-10001759","3"
"OFF-PA-10000682","2"
"OFF-AR-10000538","2"
"OFF-PA-10000100","3"
"FUR-FU-10002088","3"
"OFF-PA-10004041","2"
"OFF-PA-10002464","2"
"OFF-ST-10001031","2"
"OFF-BI-10004182","3"
"OFF-SU-10004782","3"
"OFF-AP-10001391","2"
"OFF-ST-10000142","2"
"OFF-ST-10004634","2"
"TEC-PH-10004977","3"
"FUR-TA-10003008","2"
"OFF-ST-10000352","2"
"OFF-LA-10000240","3"
"OFF-PA-10003543","2"
"OFF-AR-10002335","3"
"OFF-AR-10002375","3"
"OFF-LA-10003923","2"
"OFF-AR-10001022","2"
"OFF-AP-10003849","3"
"OFF-BI-10003981","3"
"OFF-BI-10000773","3"
"FUR-TA-10003748","3"
"FUR-CH-10003298","3"
"OFF-ST-10000060","2"
"TEC-AC-10001539","3"
"FUR-CH-10000454","3"
"TEC-PH-10000149","3"
"FUR-FU-10004091","4"
"TEC-AC-10002718","3"
"FUR-FU-10003773","3"
"FUR-BO-10003894","3"
"FUR-FU-10001867","3"
"OFF-ST-10002583","3"
"FUR-CH-10001270","2"
"OFF-LA-10000452","3"
"OFF-AR-10001988","2"
"OFF-ST-10001128","3"
"OFF-PA-10001295","3"
"OFF-BI-10003676","2"
"TEC-PH-10004120","2"
"OFF-AP-10004708","2"
"OFF-FA-10002280","3"
"TEC-PH-10004100","2"
"OFF-PA-10001934","2"
"OFF-BI-10002225","3"
"OFF-AR-10004582","3"
"OFF-LA-10002034","2"
"TEC-AC-10001445","2"
"FUR-TA-10004619","3"
"OFF-AP-10004859","3"
"OFF-ST-10000642","2"
"OFF-PA-10002421","2"
"FUR-FU-10002107","3"
"OFF-AR-10001919","3"
"OFF-SU-10000151","2"
"FUR-BO-10002268","2"
"FUR-FU-10001468","3"
"TEC-PH-10004345","2"
"OFF-ST-10000617","2"
"FUR-FU-10000550","2"
"FUR-CH-10000785","3"
"OFF-ST-10003641","2"
"OFF-LA-10000443","3"
"OFF-PA-10003953","2"
"OFF-PA-10002254","3"
"OFF-PA-10000295","2"
"OFF-AP-10004052","2"
"OFF-AR-10000716","3"
"OFF-BI-10004506","3"
"FUR-FU-10004586","3"
"OFF-BI-10001098","3"
"OFF-AR-10001547","3"
"OFF-FA-10004076","2"
"OFF-FA-10004838","3"
"OFF-PA-10002230","2"
"OFF-LA-10004544","2"
"OFF-PA-10000357","6"
"OFF-AR-10000246","3"
"OFF-ST-10003692","2"
"FUR-CH-10002024","3"
"FUR-FU-10002759","3"
"OFF-BI-10000014","2"
"OFF-BI-10000848","2"
"FUR-FU-10000771","2"
"OFF-AR-10001897","3"
"OFF-ST-10003656","2"
"OFF-ST-10001511","3"
"FUR-CH-10004997","3"
"OFF-PA-10000349","3"
"OFF-BI-10002437","2"
"OFF-BI-10002799","3"
"OFF-PA-10002222","3"
"FUR-CH-10003535","2"
"OFF-BI-10000069","3"
"OFF-ST-10003324","2"
"OFF-AR-10003759","3"
"OFF-LA-10002787","3"
"OFF-LA-10000407","3"
"OFF-AR-10000462","3"
"OFF-PA-10001972","3"
"OFF-PA-10001776","3"
"TEC-PH-10000562","2"
"TEC-PH-10001051","2"
"OFF-BI-10003460","3"
"FUR-FU-10002111","2"
"OFF-ST-10001490","3"
"OFF-AR-10002833","2"
"OFF-BI-10002003","2"
"OFF-AR-10002467","2"
"TEC-PH-10003187","2"
"FUR-BO-10002916","3"
"OFF-BI-10004209","2"
"TEC-PH-10004348","2"
"TEC-PH-10004700","3"
"OFF-AP-10001564","2"
"TEC-PH-10002834","3"
"TEC-AC-10002018","3"
"OFF-BI-10004099","2"
"FUR-FU-10003798","2"
"FUR-FU-10002554","2"
"OFF-BI-10002133","2"
"OFF-SU-10002522","2"
"OFF-BI-10000977","3"
"OFF-PA-10004621","3"
"OFF-ST-10000876","3"
"OFF-FA-10001843","3"
"OFF-BI-10003364","3"
"TEC-AC-10000991","2"
"OFF-ST-10002485","3"
"OFF-AP-10001271","2"
"TEC-AC-10001990","2"
"OFF-PA-10001293","3"
"FUR-FU-10000397","2"
"OFF-PA-10001892","2"
"OFF-PA-10001289","3"
"TEC-AC-10004571","3"
"OFF-PA-10000157","3"
"TEC-PH-10001254","3"
"FUR-FU-10002937","2"
"FUR-FU-10000010","3"
"FUR-FU-10001473","4"
"OFF-AR-10003251","2"
"OFF-LA-10002043","3"
"OFF-PA-10004039","3"
"FUR-FU-10004090","3"
"OFF-AR-10002280","2"
"OFF-PA-10000565","2"
"OFF-AP-10001962","3"
"OFF-ST-10000036","3"
"OFF-BI-10002813","3"
"OFF-FA-10001561","3"
"TEC-AC-10001838","2"
"OFF-FA-10000735","3"
"OFF-LA-10002762","2"
"FUR-FU-10003806","3"
"OFF-BI-10003355","3"
"FUR-BO-10004409","2"
"FUR-BO-10001918","2"
"OFF-AR-10002578","3"
"OFF-BI-10004656","3"
"TEC-CO-10001943","2"
"TEC-AC-10004114","2"
"OFF-SU-10004737","2"
"OFF-PA-10001790","2"
"TEC-PH-10003095","3"
"OFF-PA-10000501","2"
"FUR-CH-10003981","3"
"FUR-CH-10001854","2"
"TEC-AC-10003095","3"
"OFF-LA-10002945","2"
"TEC-PH-10003800","3"
"OFF-PA-10004971","2"
"FUR-BO-10003433","2"
"TEC-MA-10002178","2"
"OFF-BI-10003350","2"
"FUR-FU-10000246","3"
"TEC-AC-10000158","3"
"FUR-CH-10003396","3"
"FUR-FU-10000193","3"
"OFF-BI-10000285","3"
"OFF-AP-10002534","2"
"OFF-LA-10001982","3"
"OFF-AR-10001216","2"
"OFF-AR-10000658","3"
"OFF-ST-10001272","2"
"TEC-MA-10000418","2"
"OFF-AR-10002255","3"
"FUR-BO-10003034","2"
"OFF-PA-10001800","3"
"TEC-PH-10001305","2"
"OFF-AR-10003179","2"
"OFF-PA-10003845","2"
"TEC-PH-10001300","3"
"OFF-ST-10000636","3"
"FUR-CH-10004675","3"
"TEC-AC-10001284","2"
"FUR-FU-10000758","3"
"TEC-PH-10001580","2"
"OFF-PA-10003641","2"
"OFF-ST-10004835","3"
"OFF-AR-10003514","3"
"OFF-BI-10004040","2"
"OFF-LA-10003766","3"
"OFF-PA-10000213","2"
"FUR-FU-10004845","2"
"OFF-LA-10003148","2"
"FUR-BO-10003441","2"
"OFF-BI-10002609","3"
"TEC-CO-10003236","2"
"OFF-BI-10001107","3"
"FUR-FU-10001037","3"
"FUR-FU-10000023","3"
"TEC-PH-10001494","3"
"OFF-PA-10000474","3"
"OFF-AP-10003278","2"
"TEC-PH-10001819","3"
"OFF-PA-10001685","3"
"OFF-BI-10001308","3"
"OFF-SU-10001664","3"
"FUR-CH-10002084","2"
"FUR-TA-10004534","2"
"TEC-AC-10003433","3"
"OFF-PA-10002319","2"
"TEC-MA-10003173","2"
"OFF-AP-10002403","2"
"OFF-EN-10003845","2"
"TEC-MA-10002109","2"
"FUR-BO-10001972","3"
"OFF-PA-10000223","2"
"OFF-BI-10003982","3"
"OFF-PA-10001745","2"
"FUR-BO-10002545","3"
"OFF-EN-10004386","2"
"OFF-PA-10003016","2"
"TEC-AC-10002800","3"
"OFF-PA-10001622","3"
"FUR-FU-10003601","3"
"TEC-PH-10004539","3"
"OFF-AR-10004078","3"
"OFF-LA-10002195","2"
"OFF-PA-10003651","2"
"OFF-AP-10000055","2"
"OFF-AR-10003829","2"
"OFF-SU-10001574","3"
"TEC-AC-10003063","3"
"OFF-AR-10004999","2"
"FUR-TA-10003954","2"
"TEC-PH-10001459","2"
"OFF-AP-10000240","3"
"TEC-AC-10003038","3"
"FUR-TA-10001771","3"
"OFF-PA-10000520","2"
"OFF-BI-10001718","3"
"OFF-AR-10001468","2"
"OFF-AP-10000696","3"
"OFF-EN-10002504","2"
"FUR-FU-10000409","2"
"FUR-FU-10002878","2"
"TEC-PH-10004908","2"
"TEC-PH-10001433","3"
"FUR-FU-10001185","3"
"FUR-TA-10001086","3"
"TEC-PH-10001795","4"
"OFF-AR-10003560","2"
"OFF-AP-10001005","2"
"OFF-BI-10003718","2"
"FUR-FU-10004666","2"
"FUR-CH-10002331","2"
"OFF-AR-10004685","2"
"OFF-AR-10001130","2"
"OFF-AP-10003622","2"
"FUR-CH-10000422","2"
"OFF-ST-10002574","3"
"OFF-FA-10004968","2"
"OFF-SU-10004115","2"
"TEC-PH-10004833","3"
"OFF-LA-10002312","3"
"FUR-FU-10000629","3"
"OFF-SU-10004231","3"
"OFF-AR-10004062","2"
"OFF-ST-10002011","3"
"OFF-BI-10004828","2"
"FUR-BO-10003546","2"
"TEC-PH-10004094","3"
"FUR-CH-10004218","3"
"TEC-PH-10000576","3"
"TEC-PH-10004522","2"
"OFF-PA-10001526","3"
"OFF-LA-10002381","2"
"OFF-LA-10004409","2"
"OFF-PA-10001243","2"
"OFF-BI-10001553","2"
"OFF-PA-10003309","2"
"OFF-PA-10004451","3"
"OFF-PA-10004092","2"
"TEC-PH-10002660","2"
"OFF-PA-10001363","2"
"FUR-CH-10002647","3"
"OFF-EN-10000927","3"
"OFF-PA-10003893","3"
"FUR-TA-10001676","3"
"OFF-PA-10003424","2"
"OFF-PA-10002787","3"
"OFF-PA-10004947","2"
"FUR-BO-10003272","2"
"OFF-PA-10001994","2"
"OFF-BI-10002854","3"
"OFF-BI-10004970","3"
"OFF-AR-10001954","3"
"OFF-BI-10002827","2"
"OFF-AR-10004441","3"
"TEC-PH-10000984","2"
"OFF-ST-10004950","5"
"OFF-PA-10001837","2"
"OFF-ST-10002444","2"
"TEC-AC-10002345","3"
"OFF-BI-10002049","2"
"FUR-FU-10000087","2"
"TEC-AC-10001383","2"
"FUR-FU-10003464","3"
"TEC-PH-10002538","3"
"TEC-CO-10004202","3"
"TEC-PH-10002275","3"
"TEC-AC-10003709","3"
"OFF-ST-10000675","3"
"OFF-PA-10000007","2"
"FUR-BO-10002613","3"
"TEC-PH-10000215","3"
"OFF-PA-10000659","4"
"TEC-PH-10000307","2"
"FUR-CH-10004540","3"
"OFF-AR-10001573","3"
"TEC-AC-10002567","3"
"OFF-AP-10002118","2"
"OFF-AR-10000914","3"
"TEC-PH-10003072","2"
"OFF-SU-10001935","3"
"OFF-BI-10002982","3"
"FUR-FU-10001756","3"
"OFF-BI-10001787","2"
"TEC-AC-10002305","3"
"OFF-PA-10001204","2"
"FUR-CH-10001714","3"
"OFF-PA-10002552","2"
"OFF-SU-10001165","2"
"FUR-FU-10003664","2"
"OFF-AP-10002906","2"
"OFF-BI-10002949","3"
"OFF-BI-10003527","3"
"OFF-PA-10004353","3"
"OFF-BI-10002160","3"
"TEC-PH-10003988","3"
"OFF-AR-10001915","3"
"OFF-SU-10000952","2"
"OFF-FA-10002780","2"
"TEC-PH-10004959","2"
"TEC-PH-10002496","3"
"OFF-ST-10000344","3"
"TEC-AC-10000387","2"
"FUR-TA-10000198","3"
"OFF-AR-10001221","2"
"TEC-AC-10001767","3"
"TEC-PH-10004667","3"
"OFF-ST-10001496","3"
"FUR-CH-10000847","2"
"TEC-AC-10002558","2"
"OFF-AR-10003723","2"
"OFF-ST-10003996","2"
"OFF-PA-10001609","3"
"OFF-BI-10004187","3"
"OFF-BI-10000138","3"
"OFF-AR-10003394","2"
"TEC-AC-10004209","2"
"TEC-AC-10003174","3"
"OFF-ST-10001418","2"
"FUR-FU-10000732","3"
"OFF-AR-10001315","3"
"FUR-FU-10002553","2"
"OFF-ST-10004459","3"
"OFF-PA-10002615","3"
"OFF-PA-10003790","3"
"TEC-AC-10001874","2"
"FUR-CH-10002126","3"
"OFF-BI-10004001","3"
"OFF-PA-10004609","2"
"OFF-PA-10001838","3"
"OFF-PA-10001870","3"
"TEC-PH-10001750","3"
"FUR-FU-10004909","2"
"OFF-BI-10001679","3"
"OFF-PA-10000955","3"
"OFF-FA-10000992","3"
"OFF-ST-10004507","3"
"OFF-PA-10004000","2"
"OFF-BI-10001543","3"
"OFF-BI-10000174","3"
"TEC-AC-10004353","3"
"OFF-PA-10004285","3"
"FUR-FU-10001918","3"
"TEC-CO-10001449","3"
"FUR-FU-10001196","3"
"FUR-FU-10004306","2"
"OFF-ST-10001932","2"
"OFF-ST-10002205","2"
"TEC-CO-10000971","3"
"TEC-AC-10004659","3"
"FUR-BO-10004690","2"
"TEC-PH-10001944","2"
"TEC-PH-10002563","2"
"TEC-AC-10001635","3"
"OFF-AR-10003478","2"
"OFF-BI-10001071","3"
"FUR-CH-10004477","3"
"OFF-PA-10003072","3"
"OFF-BI-10002735","3"
"OFF-PA-10000062","3"
"OFF-SU-10000898","3"
"FUR-CH-10001215","3"
"TEC-PH-10004165","3"
"OFF-LA-10003930","2"
"OFF-ST-10004180","2"
"OFF-BI-10002557","2"
"TEC-PH-10002922","2"
"FUR-CH-10000665","3"
"OFF-AP-10003057","3"
"OFF-EN-10002973","2"
"FUR-CH-10000225","3"
"OFF-AP-10003971","3"
"OFF-BI-10001758","3"
"TEC-PH-10000895","3"
"OFF-BI-10003476","3"
"TEC-AC-10002842","3"
"FUR-TA-10002774","2"
"OFF-PA-10001019","2"
"FUR-FU-10003096","3"
"OFF-PA-10001639","2"
"TEC-PH-10000193","2"
"OFF-SU-10002881","2"
"OFF-AR-10003732","3"
"TEC-PH-10001809","3"
"OFF-AR-10004042","2"
"OFF-PA-10001246","2"
"OFF-PA-10003177","3"
"TEC-AC-10002331","3"
"OFF-AP-10002457","3"
"OFF-AP-10003287","2"
"TEC-PH-10001700","2"
"OFF-BI-10003166","3"
"TEC-PH-10000169","2"
"FUR-CH-10004698","3"
"OFF-FA-10000611","2"
"OFF-SU-10002537","2"
"TEC-AC-10001013","3"
"TEC-CO-10001571","3"
"OFF-BI-10004465","3"
"OFF-PA-10004782","3"
"OFF-ST-10001172","3"
"OFF-EN-10003055","3"
"OFF-PA-10002105","2"
"TEC-CO-10001046","3"
"TEC-PH-10002564","3"
"OFF-AR-10000203","2"
"OFF-AP-10001563","3"
"FUR-FU-10004960","3"
"OFF-ST-10001580","2"
"OFF-BI-10000145","3"
"OFF-PA-10000418","3"
"FUR-CH-10003379","3"
"OFF-LA-10004559","2"
"FUR-TA-10004442","2"
"OFF-BI-10000088","2"
"OFF-PA-10003883","2"
"OFF-AR-10001972","3"
"OFF-BI-10002764","2"
"OFF-AP-10004532","3"
"FUR-TA-10002533","2"
"OFF-ST-10002301","3"
"FUR-FU-10001706","3"
"FUR-FU-10002364","3"
"OFF-AR-10000823","3"
"OFF-AR-10000390","3"
"FUR-BO-10000330","2"
"OFF-BI-10002215","2"
"TEC-AC-10002167","2"
"OFF-BI-10003655","2"
"OFF-BI-10000050","2"
"OFF-AP-10004487","3"
"TEC-CO-10003763","2"
"FUR-FU-10003194","2"
"OFF-PA-10002036","2"
"OFF-LA-10004484","3"
"OFF-AR-10003856","3"
"FUR-FU-10001935","3"
"TEC-AC-10001998","2"
"TEC-AC-10000171","3"
"OFF-BI-10004654","5"
"FUR-FU-10002918","3"
"OFF-FA-10000053","3"
"OFF-PA-10001593","3"
"OFF-PA-10000788","2"
"OFF-ST-10001328","3"
"OFF-PA-10001763","2"
"OFF-ST-10000777","2"
"FUR-TA-10002958","3"
"TEC-AC-10004708","3"
"OFF-AR-10002656","2"
"OFF-EN-10003072","2"
"FUR-FU-10000448","3"
"TEC-AC-10002647","2"
"TEC-AC-10004227","2"
"TEC-AC-10001314","2"
"OFF-SU-10004664","2"
"TEC-MA-10001972","2"
"OFF-PA-10003823","2"
"OFF-BI-10002867","3"
"OFF-FA-10002763","3"
"OFF-BI-10000822","2"
"OFF-BI-10001191","3"
"OFF-BI-10003638","3"
"OFF-AP-10001293","3"
"OFF-AP-10002495","2"
"FUR-CH-10004875","3"
"OFF-AP-10002945","3"
"OFF-AP-10003842","2"
"FUR-TA-10004607","3"
"OFF-BI-10004352","2"
"OFF-AR-10004956","3"
"OFF-FA-10001229","2"
"TEC-AC-10001590","2"
"OFF-PA-10001977","2"
"OFF-PA-10004040","2"
"FUR-CH-10001797","3"
"OFF-AP-10004980","2"
"OFF-AR-10002135","3"
"OFF-PA-10002262","2"
"OFF-PA-10002005","3"
"OFF-FA-10002983","2"
"OFF-AP-10001947","3"
"OFF-AR-10001149","4"
"OFF-AP-10002222","2"
"OFF-PA-10000994","3"
"TEC-AC-10004992","2"
"OFF-PA-10001144","3"
"OFF-FA-10003059","3"
"TEC-PH-10002293","2"
"TEC-AC-10004761","3"
"OFF-AR-10002221","2"
"TEC-PH-10002555","2"
"TEC-PH-10004586","3"
"OFF-PA-10000587","2"
"OFF-SU-10003505","3"
"OFF-BI-10004826","2"
"OFF-LA-10004425","2"
"OFF-ST-10001963","2"
"TEC-MA-10000488","2"
"OFF-LA-10003190","2"
"FUR-FU-10001215","2"
"OFF-ST-10001505","3"
"OFF-AR-10001940","2"
"TEC-AC-10003590","3"
"OFF-AR-10003481","3"
"OFF-BI-10002103","3"
"TEC-PH-10001527","3"
"OFF-PA-10004327","2"
"FUR-FU-10002268","3"
"TEC-AC-10001772","3"
"OFF-PA-10003127","3"
"FUR-BO-10002853","2"
"FUR-CH-10002880","3"
"TEC-PH-10001198","2"
"FUR-FU-10001967","3"
"FUR-CH-10004983","3"
"FUR-FU-10001588","3"
"OFF-BI-10000343","2"
"OFF-ST-10003470","3"
"OFF-BI-10004995","2"
"FUR-TA-10001857","2"
"FUR-CH-10003312","3"
"OFF-AR-10002053","2"
"FUR-CH-10000988","3"
"TEC-MA-10003356","2"
"FUR-BO-10001811","2"
"OFF-ST-10003572","2"
"OFF-PA-10000241","2"
"FUR-FU-10001095","2"
"OFF-ST-10001370","3"
"OFF-PA-10000289","2"
"OFF-ST-10003058","2"
"OFF-EN-10004030","2"
"FUR-CH-10004289","3"
"OFF-AR-10003373","3"
"OFF-FA-10000134","2"
"OFF-EN-10002500","3"
"FUR-FU-10004748","3"
"OFF-ST-10000615","3"
"OFF-PA-10003302","2"
"TEC-PH-10003442","3"
"TEC-PH-10003645","3"
"TEC-MA-10000822","3"
"FUR-CH-10002304","3"
"FUR-FU-10002685","2"
"FUR-FU-10003274","2"
"OFF-AP-10002311","3"
"OFF-AP-10002892","3"
"TEC-PH-10003012","2"
"OFF-LA-10000081","2"
"OFF-AR-10004272","2"
"TEC-AC-10004803","2"
"TEC-MA-10000029","2"
"OFF-BI-10002072","3"
"OFF-BI-10004330","3"
"OFF-ST-10001476","2"
"OFF-BI-10003274","3"
"OFF-PA-10003724","2"
"OFF-ST-10000798","2"
"OFF-ST-10002562","3"
"OFF-ST-10000078","3"
"OFF-LA-10003498","3"
"TEC-PH-10003273","2"
"OFF-FA-10002815","3"
"TEC-PH-10002789","2"
"FUR-FU-10004093","2"
"OFF-ST-10001780","3"
"OFF-BI-10002571","3"
"OFF-BI-10002194","3"
"OFF-BI-10004094","3"
"OFF-PA-10002606","3"
"OFF-AR-10000817","2"
"TEC-PH-10001061","2"
"OFF-LA-10002271","3"
"FUR-FU-10000308","2"
"OFF-AR-10000380","3"
"OFF-AP-10004249","2"
"OFF-AR-10004757","3"
"FUR-CH-10001708","2"
"FUR-FU-10002030","2"
"OFF-AR-10004010","2"
"FUR-CH-10003817","3"
"FUR-CH-10002602","3"
"TEC-PH-10002885","3"
"OFF-LA-10004545","3"
"FUR-CH-10001190","2"
"FUR-CH-10002320","2"
"OFF-AR-10001246","2"
"TEC-AC-10000580","3"
"OFF-PA-10004675","3"
"OFF-LA-10001045","2"
"OFF-ST-10002406","3"
"OFF-PA-10003465","2"
"OFF-BI-10002706","3"
"TEC-PH-10000213","2"
"OFF-PA-10000482","3"
"OFF-AR-10002445","2"
"OFF-AR-10001419","3"
"FUR-FU-10003975","3"
"FUR-FU-10001940","3"
"FUR-FU-10001487","3"
"OFF-AR-10000657","2"
"FUR-BO-10002213","2"
"TEC-PH-10001448","3"
"OFF-AR-10000634","3"
"OFF-LA-10000134","3"
"OFF-AR-10004511","2"
"FUR-FU-10001852","2"
"FUR-CH-10001545","2"
"OFF-PA-10004359","3"
"OFF-BI-10002412","3"
"FUR-TA-10003238","2"
"OFF-ST-10002554","3"
"FUR-FU-10000672","3"
"TEC-PH-10000675","3"
"OFF-AR-10004587","2"
"TEC-PH-10002584","2"
"OFF-LA-10001771","2"
"OFF-PA-10001166","4"
"TEC-AC-10000474","3"
"TEC-AC-10002926","2"
"OFF-AR-10001958","3"
"FUR-TA-10002607","2"
"FUR-FU-10000320","3"
"OFF-EN-10001532","2"
"OFF-PA-10001801","2"
"TEC-AC-10002402","2"
"FUR-CH-10000863","3"
"TEC-PH-10004188","2"
"OFF-ST-10002756","3"
"OFF-PA-10003441","2"
"TEC-AC-10000487","2"
"OFF-BI-10002082","3"
"FUR-FU-10003142","3"
"OFF-AP-10002867","3"
"OFF-ST-10001325","2"
"OFF-PA-10004888","2"
"OFF-PA-10004996","2"
"FUR-FU-10001934","3"
"TEC-PH-10000560","2"
"OFF-PA-10004082","3"
"OFF-AR-10002766","2"
"OFF-BI-10001658","3"
"FUR-BO-10004834","3"
"OFF-SU-10004261","3"
"OFF-EN-10003001","3"
"FUR-CH-10004853","3"
"FUR-TA-10004086","3"
"TEC-AC-10002006","3"
"FUR-FU-10002253","3"
"OFF-PA-10003657","2"
"OFF-ST-10002615","3"
"OFF-PA-10001461","2"
"OFF-AR-10001427","3"
"OFF-BI-10001267","2"
"OFF-AP-10001242","3"
"FUR-BO-10000780","2"
"OFF-BI-10001636","3"
"TEC-AC-10002473","3"
"OFF-BI-10000545","3"
"TEC-AC-10001109","3"
"OFF-PA-10002666","2"
"OFF-AP-10002684","3"
"FUR-FU-10002671","3"
"OFF-EN-10003567","2"
"OFF-BI-10002393","2"
"OFF-EN-10002592","2"
"TEC-AC-10001114","3"
"OFF-AP-10002287","2"
"OFF-PA-10000740","2"
"OFF-LA-10004345","2"
"OFF-ST-10002743","3"
"OFF-PA-10000552","2"
"TEC-PH-10003655","2"
"OFF-PA-10004530","2"
"OFF-BI-10000666","3"
"OFF-ST-10001321","3"
"OFF-EN-10002621","2"
"OFF-PA-10003363","3"
"TEC-AC-10004877","2"
"TEC-AC-10002323","3"
"OFF-AP-10003281","2"
"OFF-PA-10003797","3"
"FUR-TA-10003837","2"
"FUR-FU-10003623","2"
"FUR-CH-10003833","2"
"OFF-BI-10002012","3"
"FUR-CH-10001146","6"
"OFF-BI-10004233","2"
"FUR-FU-10002191","3"
"OFF-PA-10001954","2"
"OFF-BI-10003684","3"
"TEC-PH-10001924","3"
"OFF-AP-10002082","2"
"OFF-PA-10004381","3"
"OFF-FA-10004854","2"
"OFF-AR-10002399","2"
"OFF-FA-10003021","3"
"FUR-FU-10000820","3"
"OFF-AP-10002765","3"
"OFF-PA-10000300","2"
"OFF-BI-10003094","3"
"OFF-PA-10002195","6"
"FUR-CH-10001802","2"
"TEC-AC-10004975","2"
"TEC-AC-10003870","2"
"OFF-AP-10004036","2"
"OFF-ST-10000885","3"
"TEC-PH-10003092","3"
"TEC-AC-10004171","3"
"FUR-FU-10004270","5"
"OFF-FA-10004248","3"
"OFF-EN-10001415","3"
"TEC-PH-10001530","4"
"OFF-AR-10003217","2"
"TEC-AC-10004633","3"
"FUR-CH-10000513","2"
"OFF-BI-10004728","3"
"FUR-FU-10003374","2"
"OFF-AP-10002651","3"
"TEC-MA-10000864","2"
"OFF-BI-10002071","3"
"OFF-BI-10003910","3"
"TEC-AC-10000057","2"
"OFF-BI-10004224","3"
"TEC-PH-10002807","2"
"FUR-CH-10004860","3"
"OFF-BI-10001510","3"
"FUR-FU-10003849","2"
"TEC-PH-10002200","4"
"OFF-AP-10000358","2"
"FUR-FU-10003039","2"
"OFF-PA-10000807","2"
"OFF-AP-10000828","2"
"OFF-FA-10003495","2"
"OFF-AR-10003156","3"
"FUR-FU-10002505","2"
"OFF-ST-10002289","3"
"FUR-FU-10001591","3"
"FUR-FU-10000260","2"
"OFF-PA-10003036","2"
"TEC-CO-10001766","2"
"FUR-CH-10001482","3"
"OFF-PA-10002586","3"
"OFF-SU-10000157","3"
"OFF-AR-10002257","3"
"FUR-CH-10002372","2"
"OFF-BI-10002432","3"
"TEC-AC-10000290","3"
"OFF-ST-10000877","2"
"TEC-PH-10003601","2"
"TEC-AC-10000844","3"
"OFF-BI-10001525","3"
"FUR-CH-10000015","2"
"OFF-AP-10001626","3"
"FUR-FU-10000305","2"
"OFF-PA-10003892","3"
"FUR-TA-10001539","2"
"TEC-PH-10003356","2"
"FUR-FU-10004671","2"
"TEC-AC-10003289","2"
"TEC-PH-10004912","2"
"FUR-FU-10002506","3"
"OFF-AP-10000026","3"
"OFF-LA-10004055","2"
"OFF-FA-10002676","3"
"OFF-AP-10000390","2"
"OFF-EN-10001335","3"
"FUR-FU-10001025","2"
"TEC-AC-10000397","2"
"OFF-BI-10000042","2"
"OFF-BI-10001249","3"
"OFF-BI-10001196","3"
"TEC-CO-10002313","3"
"OFF-ST-10000991","3"
"OFF-BI-10001097","3"
"OFF-BI-10004584","3"
"FUR-CH-10002965","3"
"OFF-BI-10000309","3"
"OFF-PA-10000859","2"
"FUR-FU-10002813","2"
"OFF-PA-10004519","2"
"OFF-PA-10000061","2"
"TEC-PH-10000923","3"
"OFF-ST-10003455","3"
"OFF-EN-10000461","3"
"OFF-PA-10001260","2"
"TEC-PH-10003357","3"
"FUR-BO-10000362","3"
"OFF-BI-10001031","2"
"TEC-PH-10000912","2"
"OFF-SU-10001212","2"
"OFF-AP-10003217","2"
"OFF-AR-10000034","3"
"TEC-PH-10000347","3"
"FUR-TA-10002356","2"
"OFF-PA-10002160","3"
"OFF-PA-10004569","2"
"FUR-FU-10004188","3"
"OFF-BI-10003007","3"
"OFF-PA-10000477","5"
"OFF-BI-10002026","6"
"OFF-PA-10003063","2"
"FUR-TA-10004575","3"
"OFF-PA-10000350","2"
"FUR-TA-10002645","3"
"OFF-AR-10003696","3"
"FUR-CH-10001891","2"
"FUR-FU-10000277","3"
"OFF-SU-10000381","2"
"FUR-FU-10000576","2"
"TEC-AC-10000736","3"
"FUR-BO-10003159","2"
"OFF-BI-10001132","2"
"OFF-AR-10003631","2"
"FUR-CH-10003746","2"
"TEC-PH-10000011","2"
"OFF-BI-10002353","3"
"OFF-BI-10003694","3"
"TEC-AC-10002550","4"
"OFF-BI-10004410","2"
"OFF-BI-10004528","2"
"OFF-FA-10003472","3"
"OFF-PA-10000791","2"
"OFF-AR-10001953","3"
"OFF-AR-10000937","2"
"OFF-PA-10002893","2"
"OFF-AP-10000252","2"
"OFF-AP-10003266","2"
"FUR-CH-10003774","3"
"TEC-AC-10004568","3"
"TEC-PH-10003555","3"
"OFF-BI-10001072","3"
"OFF-ST-10000464","3"
"OFF-AP-10000179","2"
"OFF-LA-10001613","3"
"FUR-TA-10001705","3"
"FUR-FU-10001876","2"
"OFF-PA-10001357","2"
"OFF-ST-10000649","2"
"OFF-PA-10000556","2"
"FUR-FU-10003347","3"
"OFF-AP-10004868","3"
"OFF-SU-10002557","2"
"OFF-PA-10000595","2"
"FUR-CH-10003973","3"
"FUR-CH-10000155","3"
"OFF-BI-10001900","2"
"FUR-BO-10004360","2"
"TEC-PH-10002103","3"
"TEC-AC-10001267","2"
"OFF-AR-10003338","3"
"TEC-AC-10003499","2"
"OFF-BI-10003314","3"
"OFF-BI-10001617","2"
"FUR-BO-10004218","2"
"TEC-PH-10000455","2"
"TEC-CO-10002095","3"
"FUR-FU-10002597","3"
"TEC-AC-10001606","3"
"OFF-BI-10002429","3"
"OFF-PA-10004735","2"
"OFF-PA-10001509","3"
"FUR-FU-10004053","2"
"OFF-ST-10004258","2"
"OFF-BI-10004781","2"
"TEC-AC-10003116","3"
"OFF-EN-10003448","2"
"OFF-LA-10001474","3"
"TEC-AC-10000865","2"
"OFF-BI-10003529","3"
"FUR-FU-10001424","2"
"TEC-PH-10000376","3"
"OFF-ST-10004123","2"
"OFF-ST-10000934","2"
"FUR-CH-10000309","2"
"TEC-AC-10000420","2"
"OFF-PA-10004243","2"
"OFF-BI-10004965","3"
"FUR-FU-10004245","2"
"TEC-PH-10004924","2"
"FUR-FU-10000222","3"
"TEC-AC-10003657","2"
"OFF-AP-10001634","2"
"OFF-BI-10000301","3"
"TEC-AC-10001542","2"
"OFF-AP-10003860","2"
"OFF-LA-10001569","3"
"TEC-AC-10000303","2"
"OFF-AP-10000891","3"
"OFF-EN-10001453","3"
"OFF-BI-10001982","3"
"FUR-FU-10002456","2"
"OFF-BI-10001765","3"
"OFF-LA-10000634","2"
"FUR-FU-10002396","2"
"FUR-TA-10002622","3"
"FUR-FU-10002885","3"
"OFF-AP-10001492","3"
"OFF-AR-10001860","3"
"OFF-AR-10003504","3"
"OFF-AP-10000027","2"
"FUR-FU-10000206","3"
"OFF-AP-10003040","2"
"FUR-FU-10003424","2"
"OFF-AR-10004269","2"
"FUR-FU-10002501","3"
"OFF-AP-10000595","3"
"OFF-LA-10001641","3"
"TEC-PH-10001552","3"
"OFF-AP-10001205","3"
"OFF-AP-10004540","2"
"OFF-PA-10002870","2"
"OFF-LA-10003714","3"
"OFF-AR-10001227","2"
"OFF-ST-10000107","3"
"FUR-BO-10003660","2"
"OFF-BI-10003925","2"
"OFF-AP-10002350","2"
"TEC-PH-10001425","3"
"FUR-FU-10001085","2"
"FUR-FU-10004351","3"
"OFF-PA-10000483","2"
"OFF-BI-10000315","3"
"FUR-TA-10000688","3"
"TEC-CO-10004722","3"
"OFF-BI-10003305","3"
"OFF-EN-10002600","2"
"TEC-AC-10002942","3"
"OFF-ST-10001526","3"
"OFF-EN-10001219","3"
"TEC-AC-10003198","3"
"FUR-CH-10003061","3"
"FUR-CH-10002774","3"
"FUR-FU-10004018","3"
"OFF-AR-10000127","2"
"OFF-PA-10000312","2"
"OFF-ST-10001097","2"
"OFF-AR-10000588","2"
"FUR-FU-10003832","3"
"OFF-PA-10001125","2"
"OFF-ST-10003816","3"
"OFF-AR-10000940","3"
"OFF-ST-10002344","3"
"OFF-AP-10002998","2"
"OFF-LA-10001074","3"
"OFF-BI-10004139","2"
"TEC-PH-10004071","2"
"OFF-PA-10004734","2"
"OFF-PA-10003848","2"
"TEC-AC-10000892","3"
"OFF-ST-10002790","2"
"OFF-BI-10000829","3"
"OFF-SU-10004661","2"
"OFF-AR-10001955","3"
"OFF-FA-10000624","3"
"OFF-BI-10002794","3"
"OFF-PA-10001667","3"
"FUR-FU-10003829","2"
"OFF-AR-10001044","3"
"TEC-AC-10000682","2"
"OFF-LA-10000305","3"
"FUR-CH-10004495","2"
"TEC-PH-10002824","2"
"OFF-PA-10004911","2"
"FUR-BO-10004695","2"
"FUR-FU-10001290","2"
"FUR-FU-10001475","2"
"OFF-EN-10000056","3"
"FUR-FU-10003192","2"
"TEC-PH-10004614","3"
"TEC-PH-10003691","2"
"TEC-AC-10001266","3"
"FUR-CH-10003968","2"
"TEC-PH-10004536","2"
"OFF-ST-10000563","3"
"FUR-FU-10003535","3"
"FUR-TA-10004154","2"
"OFF-AR-10001662","3"
"OFF-ST-10004186","2"
"TEC-PH-10002365","2"
"TEC-MA-10000984","2"
"OFF-FA-10001754","2"
"OFF-AR-10002987","3"
"OFF-PA-10004101","2"
"OFF-PA-10002923","3"
"OFF-BI-10002414","2"
"OFF-AR-10002804","3"
"TEC-PH-10002185","2"
"OFF-PA-10002749","2"
"OFF-AR-10003958","2"
"OFF-BI-10003984","3"
"TEC-AC-10003832","5"
"OFF-PA-10000380","3"
"TEC-AC-10004666","2"
"TEC-PH-10004896","3"
"TEC-AC-10000521","2"
"OFF-PA-10003395","2"
"OFF-LA-10001175","2"
"OFF-BI-10001575","3"
"OFF-BI-10000279","2"
"TEC-PH-10001918","2"
"OFF-EN-10002986","2"
"TEC-PH-10000004","2"
"OFF-PA-10001878","3"
"OFF-BI-10001120","3"
"OFF-PA-10001534","3"
"OFF-AR-10001615","3"
"OFF-PA-10003129","2"
"OFF-PA-10002246","3"
"OFF-ST-10003716","2"
"TEC-PH-10001760","3"
"OFF-BI-10001597","2"
"OFF-AR-10004602","3"
"OFF-PA-10003039","2"
"TEC-PH-10002923","2"
"FUR-FU-10002445","2"
"TEC-AC-10004855","3"
"TEC-PH-10003589","3"
"OFF-EN-10001434","2"
"OFF-BI-10003963","3"
"OFF-BI-10004519","3"
"TEC-MA-10004002","2"
"FUR-TA-10002041","3"
"OFF-BI-10002931","2"
"OFF-PA-10001804","3"
"OFF-ST-10000918","3"
"TEC-AC-10002370","3"
"OFF-PA-10000605","2"
"TEC-AC-10002335","2"
"OFF-ST-10003479","3"
"OFF-AR-10003727","3"
"FUR-BO-10001337","3"
"OFF-AR-10004752","3"
"OFF-BI-10002852","3"
"OFF-EN-10003040","2"
"OFF-ST-10004804","3"
"OFF-FA-10000621","3"
"OFF-PA-10000130","2"
"FUR-CH-10000595","2"
"FUR-FU-10000747","3"
"OFF-PA-10002109","2"
"OFF-EN-10004459","3"
"TEC-PH-10003505","3"
"OFF-AP-10000938","3"
"OFF-ST-10001809","3"
"OFF-PA-10001583","2"
"FUR-TA-10001768","2"
"OFF-BI-10000546","3"
"FUR-FU-10003553","2"
"FUR-CH-10003761","2"
"TEC-MA-10003183","2"
"TEC-AC-10000023","2"
"OFF-PA-10000575","3"
"FUR-TA-10000577","2"
"OFF-AR-10003183","3"
"OFF-ST-10001558","2"
"OFF-BI-10004364","2"
"TEC-MA-10001681","2"
"TEC-PH-10002890","3"
"OFF-PA-10003591","3"
"OFF-LA-10002368","3"
"TEC-PH-10002415","2"
"FUR-BO-10001601","3"
"TEC-PH-10000148","3"
"OFF-LA-10003510","3"
"FUR-FU-10001546","3"
"OFF-AR-10003056","3"
"TEC-PH-10001619","2"
"OFF-ST-10003306","3"
"TEC-PH-10000702","3"
"TEC-PH-10004922","3"
"OFF-AR-10004648","2"
"OFF-AP-10004785","2"
"OFF-EN-10001990","3"
"FUR-BO-10004015","3"
"FUR-CH-10002073","3"
"OFF-BI-10003712","3"
"OFF-BI-10004308","3"
"OFF-AR-10003045","3"
"OFF-SU-10002573","3"
"OFF-LA-10001934","2"
"OFF-FA-10000490","3"
"OFF-BI-10002897","3"
"OFF-ST-10000689","3"
"OFF-PA-10003673","3"
"OFF-SU-10000646","3"
"FUR-FU-10003799","3"
"FUR-FU-10000293","3"
"TEC-PH-10002350","2"
"FUR-TA-10004915","2"
"TEC-AC-10001714","3"
"OFF-BI-10003656","3"
"OFF-AR-10003651","3"
"OFF-BI-10003650","3"
"OFF-FA-10003467","2"
"FUR-BO-10002824","3"
"FUR-FU-10003981","2"
"OFF-FA-10000254","2"
"OFF-AR-10001545","3"
"OFF-AR-10004344","3"
"OFF-BI-10004492","3"
"OFF-FA-10002988","3"
"OFF-FA-10004395","3"
"FUR-FU-10004665","2"
"FUR-TA-10001095","3"
"OFF-ST-10000419","3"
"OFF-BI-10001294","3"
"TEC-PH-10000038","2"
"OFF-BI-10003707","3"
"OFF-AR-10004022","3"
"OFF-BI-10004967","2"
"OFF-FA-10003485","2"
"OFF-AR-10000799","2"
"TEC-AC-10001553","3"
"OFF-EN-10001539","2"
"TEC-AC-10002217","2"
"OFF-PA-10001970","6"
"OFF-BI-10000778","2"
"OFF-AR-10001026","2"
"OFF-PA-10000019","2"
"OFF-AR-10003158","2"
"TEC-PH-10001536","2"
"TEC-PH-10002583","2"
"FUR-TA-10001889","3"
"OFF-PA-10004255","2"
"OFF-BI-10001757","3"
"FUR-CH-10002439","2"
"FUR-FU-10002703","2"
"OFF-BI-10003708","3"
"OFF-PA-10002250","2"
"OFF-ST-10001522","3"
"FUR-CH-10003199","2"
"OFF-AR-10003190","2"
"TEC-PH-10002549","2"
"OFF-PA-10003729","2"
"OFF-BI-10000404","3"
"OFF-AR-10000475","2"
"OFF-BI-10004236","2"
"TEC-PH-10000526","2"
"TEC-AC-10001465","3"
"FUR-BO-10001519","3"
"OFF-LA-10003223","3"
"OFF-FA-10001135","2"
"FUR-TA-10001520","3"
"OFF-AR-10004817","3"
"OFF-FA-10002701","2"
"OFF-EN-10001028","2"
"FUR-FU-10003724","3"
"OFF-PA-10000249","3"
"TEC-PH-10001615","2"
"TEC-AC-10002637","3"
"OFF-PA-10002245","2"
"TEC-AC-10002134","2"
"OFF-PA-10003270","2"
"OFF-BI-10003669","2"
"TEC-PH-10001817","3"
"OFF-BI-10004817","3"
"OFF-ST-10000046","3"
"FUR-CH-10004626","3"
"FUR-FU-10004017","4"
"OFF-LA-10001297","2"
"OFF-ST-10000025","2"
"OFF-PA-10000167","3"
"OFF-BI-10002954","2"
"OFF-PA-10001184","3"
"OFF-AP-10001303","2"
"OFF-BI-10004738","3"
"FUR-FU-10004864","6"
"OFF-PA-10002764","2"
